tweetUrl,date,renderedContent,tweetId,userId,replyCount,retweetCount,likeCount,quoteCount,source,media,retweetedTweet,quotedTweet,mentionedUsers
https://twitter.com/hot21radio/status/1378180691125538817,2021-04-03 03:00:56+00:00,"▶ #NowPlaying 📻 Hello by Pop Smoke @POPSMOKE10 on Hot 21 Radio 
 
 🎧 LISTEN =&gt; hot21radio.com/listen

 👍 LIKE =&gt; hot21radio.com/?u=58c7d7ac21e1
 👎 DISLIKE =&gt; hot21radio.com/?u=14f79b3f5160 
 
 #Hot21Radio #PopSmoke #Hello https://t.co/kk1gWCUA2M",1378180691125538817,55649769,0,0,0,0,"<a href=""http://www.hot21radio.com"" rel=""nofollow"">Hot 21 Radio</a>","[{'previewUrl': 'https://pbs.twimg.com/media/EyBICQOWQAMWNIN?format=jpg&name=small', 'fullUrl': 'https://pbs.twimg.com/media/EyBICQOWQAMWNIN?format=jpg&name=large', 'type': 'photo'}]",,,"[{'username': 'POPSMOKE10', 'displayname': 'POP SMOKE 💫💫', 'id': 1131025001434497024, 'description': None, 'rawDescription': None, 'descriptionUrls': None, 'verified': None, 'created': None, 'followersCount': None, 'friendsCount': None, 'statusesCount': None, 'favouritesCount': None, 'listedCount': None, 'mediaCount': None, 'location': None, 'protected': None, 'linkUrl': None, 'linkTcourl': None, 'profileImageUrl': None, 'profileBannerUrl': None, 'url': 'https://twitter.com/POPSMOKE10'}]"
https://twitter.com/daventry_radio/status/1378179978374823937,2021-04-03 02:58:06+00:00,@rugby_radio and @daventry_radio is #nowplaying  Water Is Wet (2020) by John Scott - #communityradio #daventry #rugby #hello @slimmingworldrugby,1378179978374823937,1075102358739263489,0,0,0,0,"<a href=""https://www.radioking.com"" rel=""nofollow"">Radio King LiveTweet</a>",,,,"[{'username': 'rugby_radio', 'displayname': 'Rugby Radio', 'id': 1186380889917444096, 'description': None, 'rawDescription': None, 'descriptionUrls': None, 'verified': None, 'created': None, 'followersCount': None, 'friendsCount': None, 'statusesCount': None, 'favouritesCount': None, 'listedCount': None, 'mediaCount': None, 'location': None, 'protected': None, 'linkUrl': None, 'linkTcourl': None, 'profileImageUrl': None, 'profileBannerUrl': None, 'url': 'https://twitter.com/rugby_radio'}, {'username': 'daventry_radio', 'displayname': 'Daventry Radio', 'id': 1075102358739263489, 'description': None, 'rawDescription': None, 'descriptionUrls': None, 'verified': None, 'created': None, 'followersCount': None, 'friendsCount': None, 'statusesCount': None, 'favouritesCount': None, 'listedCount': None, 'mediaCount': None, 'location': None, 'protected': None, 'linkUrl': None, 'linkTcourl': None, 'profileImageUrl': None, 'profileBannerUrl': None, 'url': 'https://twitter.com/daventry_radio'}]"
https://twitter.com/tynan_danny/status/1378172153791660032,2021-04-03 02:27:01+00:00,"HELLO, I'M SHELLEY DUVALL! (official Shelley Duvall) youtu.be/QrVoJgQ7u8w via @YouTube 

#hello #shelleyduvall #StanleyKubrick #shining #horror #story #storytime #kids #tvtime",1378172153791660032,1187965634539413505,0,0,0,0,"<a href=""https://mobile.twitter.com"" rel=""nofollow"">Twitter Web App</a>",,,,"[{'username': 'YouTube', 'displayname': 'YouTube', 'id': 10228272, 'description': None, 'rawDescription': None, 'descriptionUrls': None, 'verified': None, 'created': None, 'followersCount': None, 'friendsCount': None, 'statusesCount': None, 'favouritesCount': None, 'listedCount': None, 'mediaCount': None, 'location': None, 'protected': None, 'linkUrl': None, 'linkTcourl': None, 'profileImageUrl': None, 'profileBannerUrl': None, 'url': 'https://twitter.com/YouTube'}]"
https://twitter.com/kissingthesun25/status/1378168239390253058,2021-04-03 02:11:28+00:00,"The first time I heard #Onew was when
#온유버블 #온유 #ONEW  #イケジンギ 
I heard #Hello for the first time. I fell for his
@SHINee @shinetter #SHINee  #샤이니
voice. Then I saw his beautiful face!!
#シャイニー #Jinki #LeeJinki #オニュ https://t.co/RhOmVckiuw",1378168239390253058,22226370,0,0,3,1,"<a href=""http://twitter.com/download/android"" rel=""nofollow"">Twitter for Android</a>","[{'thumbnailUrl': 'https://pbs.twimg.com/tweet_video_thumb/EyA8sNxVgAkB0hS.jpg', 'variants': [{'contentType': 'video/mp4', 'url': 'https://video.twimg.com/tweet_video/EyA8sNxVgAkB0hS.mp4', 'bitrate': None}], 'type': 'gif'}]",,,"[{'username': 'SHINee', 'displayname': 'SHINee', 'id': 887973863824306176, 'description': None, 'rawDescription': None, 'descriptionUrls': None, 'verified': None, 'created': None, 'followersCount': None, 'friendsCount': None, 'statusesCount': None, 'favouritesCount': None, 'listedCount': None, 'mediaCount': None, 'location': None, 'protected': None, 'linkUrl': None, 'linkTcourl': None, 'profileImageUrl': None, 'profileBannerUrl': None, 'url': 'https://twitter.com/SHINee'}, {'username': 'shinetter', 'displayname': 'SHINetter ｼｬｲﾆｯﾀｰ', 'id': 427122847, 'description': None, 'rawDescription': None, 'descriptionUrls': None, 'verified': None, 'created': None, 'followersCount': None, 'friendsCount': None, 'statusesCount': None, 'favouritesCount': None, 'listedCount': None, 'mediaCount': None, 'location': None, 'protected': None, 'linkUrl': None, 'linkTcourl': None, 'profileImageUrl': None, 'profileBannerUrl': None, 'url': 'https://twitter.com/shinetter'}]"
https://twitter.com/Alex_slim666/status/1378167772086218752,2021-04-03 02:09:36+00:00,"Corgi animation &lt;br /&gt;&lt;br /&gt;#dog #dance #gif #art #animation #post&lt;br /&gt;#hello #friends 
Posted via Webtalk webtalk.co/n/25985105?tok…",1378167772086218752,326663296,0,0,0,0,"<a href=""https://webtalk.co"" rel=""nofollow"">Webtalk Official</a>",,,,
https://twitter.com/JetSkiGirlRN/status/1378167256929214469,2021-04-03 02:07:33+00:00,@maiasz Or how about including those of us that are in the medical field who are dedicated to treating patients addiction and mental health? #Hello?,1378167256929214469,300386142,0,0,0,0,"<a href=""http://twitter.com/download/iphone"" rel=""nofollow"">Twitter for iPhone</a>",,,,"[{'username': 'maiasz', 'displayname': 'Maia Szalavitz', 'id': 14327715, 'description': None, 'rawDescription': None, 'descriptionUrls': None, 'verified': None, 'created': None, 'followersCount': None, 'friendsCount': None, 'statusesCount': None, 'favouritesCount': None, 'listedCount': None, 'mediaCount': None, 'location': None, 'protected': None, 'linkUrl': None, 'linkTcourl': None, 'profileImageUrl': None, 'profileBannerUrl': None, 'url': 'https://twitter.com/maiasz'}]"
https://twitter.com/Only1Shana_MUA/status/1378157624059777026,2021-04-03 01:29:17+00:00,My clients are the best! 😭😩 @_DesiMAC_ 🗣#HELLO🤑 https://t.co/fzsGqURbi6,1378157624059777026,28950106,0,0,1,1,"<a href=""http://twitter.com/download/iphone"" rel=""nofollow"">Twitter for iPhone</a>","[{'thumbnailUrl': 'https://pbs.twimg.com/ext_tw_video_thumb/1378157141526073345/pu/img/eDJjRjs4zu5L9RZb.jpg', 'variants': [{'contentType': 'video/mp4', 'url': 'https://video.twimg.com/ext_tw_video/1378157141526073345/pu/vid/720x1280/0xMW-g9Lqd3gPyli.mp4?tag=12', 'bitrate': 2176000}, {'contentType': 'application/x-mpegURL', 'url': 'https://video.twimg.com/ext_tw_video/1378157141526073345/pu/pl/X7eksXIj5Gy5wD6r.m3u8?tag=12', 'bitrate': None}, {'contentType': 'video/mp4', 'url': 'https://video.twimg.com/ext_tw_video/1378157141526073345/pu/vid/480x852/jT2sUFdqfP5InrQs.mp4?tag=12', 'bitrate': 950000}, {'contentType': 'video/mp4', 'url': 'https://video.twimg.com/ext_tw_video/1378157141526073345/pu/vid/320x568/n84bP8wxo3XaoOEp.mp4?tag=12', 'bitrate': 632000}], 'duration': 18.295, 'type': 'video'}]",,,"[{'username': '_DesiMAC_', 'displayname': '✨Marty Byrde✨', 'id': 96909431, 'description': None, 'rawDescription': None, 'descriptionUrls': None, 'verified': None, 'created': None, 'followersCount': None, 'friendsCount': None, 'statusesCount': None, 'favouritesCount': None, 'listedCount': None, 'mediaCount': None, 'location': None, 'protected': None, 'linkUrl': None, 'linkTcourl': None, 'profileImageUrl': None, 'profileBannerUrl': None, 'url': 'https://twitter.com/_DesiMAC_'}]"
https://twitter.com/SirPepe2310/status/1378157346170544132,2021-04-03 01:28:10+00:00,@Pollyroid I saw you were talking about hedgehogs. My name is Pepe and I am a hedgehog! I like to run and I tweet about how much I run everynight. Follow me if you would like :) tweet #hello at me,1378157346170544132,1147838790641360896,0,0,0,0,"<a href=""https://google.com"" rel=""nofollow"">Cage House Temp</a>",,,,"[{'username': 'Pollyroid', 'displayname': '✨ Polly ✨', 'id': 908679669079314432, 'description': None, 'rawDescription': None, 'descriptionUrls': None, 'verified': None, 'created': None, 'followersCount': None, 'friendsCount': None, 'statusesCount': None, 'favouritesCount': None, 'listedCount': None, 'mediaCount': None, 'location': None, 'protected': None, 'linkUrl': None, 'linkTcourl': None, 'profileImageUrl': None, 'profileBannerUrl': None, 'url': 'https://twitter.com/Pollyroid'}]"
https://twitter.com/yukio_nojima/status/1378157342835941379,2021-04-03 01:28:10+00:00,Well I did a thing.... #hello #iphone12pro 💕 https://t.co/vZSjWSdt9w,1378157342835941379,64968998,1,0,7,0,"<a href=""http://twitter.com/download/iphone"" rel=""nofollow"">Twitter for iPhone</a>","[{'previewUrl': 'https://pbs.twimg.com/media/EyAyzFTUUAEZo9c?format=jpg&name=small', 'fullUrl': 'https://pbs.twimg.com/media/EyAyzFTUUAEZo9c?format=jpg&name=large', 'type': 'photo'}]",,,
https://twitter.com/Akashra36926025/status/1378156458265690119,2021-04-03 01:24:39+00:00,@AkhilAkkineni8 Good morning Akhil. Please contact me #Akhil5 #AkhilAkkineni #meb #MostEligibleBachelor #Taqdeer #Hello #Akhil #Akkineni,1378156458265690119,1120917803333111809,0,0,0,0,"<a href=""http://twitter.com/download/iphone"" rel=""nofollow"">Twitter for iPhone</a>",,,,"[{'username': 'AkhilAkkineni8', 'displayname': 'Akhil Akkineni', 'id': 144622747, 'description': None, 'rawDescription': None, 'descriptionUrls': None, 'verified': None, 'created': None, 'followersCount': None, 'friendsCount': None, 'statusesCount': None, 'favouritesCount': None, 'listedCount': None, 'mediaCount': None, 'location': None, 'protected': None, 'linkUrl': None, 'linkTcourl': None, 'profileImageUrl': None, 'profileBannerUrl': None, 'url': 'https://twitter.com/AkhilAkkineni8'}]"
