username,displayname,userId,rawDescription,descriptionUrls,verified,created,followersCount,friendsCount,statusesCount,favouritesCount,listedCount,mediaCount,location,protected,linkUrl,profileImageUrl,profileBannerUrl,profileUrl
hot21radio,We The Best Hip Hop and R&B 🔥,55649769,Online Hip Hop and R&B Radio. We the best #HipHop and #RnB. Listen on https://t.co/NqdOEludoQ,"[{'text': 'hot21radio.com', 'url': 'http://hot21radio.com', 'tcourl': 'https://t.co/NqdOEludoQ', 'indices': [70, 93]}]",False,2009-07-10T20:00:41+00:00,704,682,167343,851,69,117034,Worldwide,False,https://www.hot21radio.com,https://pbs.twimg.com/profile_images/638125924408541184/CISeUvw2_normal.jpg,https://pbs.twimg.com/profile_banners/55649769/1450754114,https://twitter.com/hot21radio
daventry_radio,Daventry Radio,1075102358739263489,"Bringing Local Back! We've been waiting a few years to see Radio return to Daventry. All other attempts are seemingly dead, so we thought we would give it a go!",[],False,2018-12-18T18:55:51+00:00,421,615,13469,1251,2,7654,"Daventry, England",False,https://daventry.radio/,https://pbs.twimg.com/profile_images/1119597779595218944/n5ld4WPW_normal.jpg,https://pbs.twimg.com/profile_banners/1075102358739263489/1594855638,https://twitter.com/daventry_radio
tynan_danny,DannyTynanisnt,1187965634539413505,"Website: https://t.co/dZ0YdKelBa
Instagram: dannytynanisnt","[{'text': 'dannytynan.com', 'url': 'http://dannytynan.com', 'tcourl': 'https://t.co/dZ0YdKelBa', 'indices': [9, 32]}]",False,2019-10-26T05:34:39+00:00,123,1540,5512,4848,1,690,,False,https://www.dannytynan.com/,https://pbs.twimg.com/profile_images/1303103053206257664/CQUUcKqH_normal.jpg,https://pbs.twimg.com/profile_banners/1187965634539413505/1599518117,https://twitter.com/tynan_danny
kissingthesun25,Krystyna | Onthighs/Onew eating enthusiast.,22226370,SHINee OT5 // mvp // Elderwol // kdrama-mamawol // non-Jinki wife // sometimes 🔞 talk comes out // #InJinkiWeTrust #InSHINeeWeTrust,[],False,2009-02-28T04:02:11+00:00,573,548,18850,20460,12,1648,United States,False,,https://pbs.twimg.com/profile_images/1350282763673374721/8BFOjEZf_normal.jpg,https://pbs.twimg.com/profile_banners/22226370/1609386501,https://twitter.com/kissingthesun25
Alex_slim666,Alex Slim,326663296,,[],False,2011-06-30T08:36:17+00:00,330,329,3316,1061,0,253,"Москва, Россия",False,http://instagram.com/alexander_tukhanov/,https://pbs.twimg.com/profile_images/1252968160510214144/oqa__fRV_normal.jpg,https://pbs.twimg.com/profile_banners/326663296/1593110646,https://twitter.com/Alex_slim666
JetSkiGirlRN,Barb,300386142,Psychiatric Mental Health Nurse Practitioner,[],False,2011-05-17T17:41:06+00:00,842,749,61788,70899,17,4774,,False,,https://pbs.twimg.com/profile_images/919740783787376640/kvkLVyCX_normal.jpg,https://pbs.twimg.com/profile_banners/300386142/1508118267,https://twitter.com/JetSkiGirlRN
Only1Shana_MUA,👑🐝 BEY Ye Also Petty 👑🐝,28950106,southern coquette • i walk into the room dripping in gold • follow me on my other OTHER Twitter: @BM_Artistry,[],False,2009-04-05T06:00:45+00:00,1568,2442,174015,66567,28,11868,Somewhere making it happen...,False,http://www.beautimusmaximusmua.com,https://pbs.twimg.com/profile_images/1367017613734330369/2DgR9b6S_normal.jpg,https://pbs.twimg.com/profile_banners/28950106/1605937088,https://twitter.com/Only1Shana_MUA
SirPepe2310,Sir Pepe,1147838790641360896,"Part Human, part hedgehog and part bot. With our powers unite to create one twitter and tweet about Pepe the hedgehog!",[],False,2019-07-07T12:04:28+00:00,655,30,17244,1113,1,769,,False,,https://pbs.twimg.com/profile_images/1252521721221054464/st48COWp_normal.jpg,https://pbs.twimg.com/profile_banners/1147838790641360896/1568046912,https://twitter.com/SirPepe2310
yukio_nojima,Yukio Nojima 🎮 (Betty S),64968998,💞Mother of 2 little dragons. Realist - Coffee Enthusiast - 👩🏻‍🎓Child Development Specialist *Twitch Affiliate* Self proclaimed: FF Fanatic. Tender hearted.,[],False,2009-08-12T07:17:00+00:00,238,588,2629,2993,1,821,,False,https://twitch.tv/yukionojima,https://pbs.twimg.com/profile_images/1359009893731106818/XowwBswi_normal.jpg,https://pbs.twimg.com/profile_banners/64968998/1612848183,https://twitter.com/yukio_nojima
Akashra36926025,Vijay W,1120917803333111809,,[],False,2019-04-24T05:10:04+00:00,0,5,1071,68,0,2,,False,,https://pbs.twimg.com/profile_images/1332521688001605633/OgUnb7wW_normal.jpg,,https://twitter.com/Akashra36926025
